{
  "blogs": [
      {
          "category": "Tech",
          "user_id": "ope",
          "description": "Description of this article to test if it works very well",
          "id": "420",
          "title": "Deadline stocks crash"
      },
      {
          "category": "Fashion",
          "user_id": "ben",
          "description": "This is the new title by bennard",
          "id": "19d1fbff46e18",
          "title": "Bens new title"
      },
      {
          "category": "Food",
          "user_id": "natul",
          "description": "sdasds",
          "id": "3006610e43081",
          "title": "dsdsd"
      },
      {
          "category": "Lifestyle",
          "user_id": "natul",
          "description": "This blog is to certify that the deadline is here",
          "id": "6699a1180ae87",
          "title": "New deadline blog post"
      },
      {
          "category": "Food",
          "user_id": "natul",
          "description": "Description of this article to test if it works very well",
          "id": "300",
          "title": "Good Works Good stocks crash"
      },
      {
          "category": "Fashion",
          "user_id": "natul",
          "description": "Facebook was not bought by google",
          "id": "52980e5cd62a3",
          "title": "Google Buys Facebook"
      },
      {
          "category": "Tech",
          "user_id": "ope",
          "description": "Description of this article to test if it works very well",
          "id": "450",
          "title": "Error stocks crash"
      },
      {
          "category": "Tech",
          "user_id": "ope",
          "description": "Description of this article to test if it works very well",
          "id": "510",
          "title": "Good stocks crash"
      },
      {
          "category": "Food",
          "user_id": "ben",
          "description": "cash me outside",
          "id": "c5dd3a277e8fc",
          "title": "How about that"
      },
      {
          "category": "Lifestyle",
          "description": "onjnbbiu",
          "id": "909",
          "title": "jnjnkjn"
      },
      {
          "category": "Lifestyle",
          "user_id": {
              "username": "natul"
          },
          "description": "sdasdsd sdasd",
          "id": "2b38e71f37784",
          "title": "dsadsds"
      },
      {
          "category": "Lifestyle",
          "user_id": "ope",
          "description": "sdas edij sdasdo sdsoidjsd sdasd",
          "id": "be094f9dcaf3c",
          "title": "Wow this has been so fun"
      },
      {
          "category": "Tech",
          "user_id": "john",
          "description": "Description of this article to test if it works very well",
          "id": "1002",
          "title": "Apple stocks crash"
      },
      {
          "category": "Lifestyle",
          "user_id": "natul",
          "description": "sdasds dsadsdsads sdsa",
          "id": "component-822ffa899ccf",
          "title": "dasd sdsad sdsda"
      },
      {
          "category": "Travel",
          "user_id": "natul",
          "description": "sdsads",
          "id": "40032",
          "title": "dsasd dsdsad"
      },
      {
          "category": "Lifestyle",
          "description": "sdsad sdsad sdsad asdasd",
          "id": "200",
          "title": "Elon Musk bid to buy twitter"
      },
      {
          "category": "Movies",
          "description": "The description of this article works very well",
          "id": "1001",
          "title": "This is a new test article title"
      },
      {
          "category": "Tech",
          "user_id": "ope",
          "description": "Description of this article to test if it works very well",
          "id": "410",
          "title": "stocks crash"
      },
      {
          "category": "Fashion",
          "user_id": "natul",
          "description": "this blog has posted",
          "id": "5f3c3c8fec0b",
          "title": "Another Blog Successfully poster"
      },
      {
          "category": "Food",
          "user_id": "ben",
          "description": "I like to eat good food tastey",
          "id": "117d3c942dd1c",
          "title": "Rice and Beans is very yummy"
      },
      {
          "category": "Food",
          "user_id": "ope",
          "description": "This is the post manost",
          "id": "adfd5787a5996",
          "title": "Creating from the website link"
      }
  ]
}