{
  "swagger" : "2.0",
  "info" : {
    "version" : "2022-04-21T09:36:57Z",
    "title" : "login-users-gateway"
  },
  "host" : "ubmdpvtgae.execute-api.us-east-1.amazonaws.com",
  "basePath" : "/prod",
  "schemes" : [ "https" ],
  "paths" : {
    "/health" : {
      "get" : {
        "produces" : [ "application/json" ],
        "responses" : {
          "200" : {
            "description" : "200 response",
            "schema" : {
              "$ref" : "#/definitions/Empty"
            }
          }
        },
        "security" : [ {
          "api_key" : [ ]
        } ],
        "x-amazon-apigateway-integration" : {
          "type" : "aws_proxy",
          "httpMethod" : "POST",
          "uri" : "arn:aws:apigateway:us-east-1:lambda:path/2015-03-31/functions/arn:aws:lambda:us-east-1:468792469013:function:login-users/invocations",
          "responses" : {
            "default" : {
              "statusCode" : "200"
            }
          },
          "passthroughBehavior" : "when_no_match",
          "contentHandling" : "CONVERT_TO_TEXT"
        }
      },
      "options" : {
        "consumes" : [ "application/json" ],
        "produces" : [ "application/json" ],
        "responses" : {
          "200" : {
            "description" : "200 response",
            "schema" : {
              "$ref" : "#/definitions/Empty"
            },
            "headers" : {
              "Access-Control-Allow-Origin" : {
                "type" : "string"
              },
              "Access-Control-Allow-Methods" : {
                "type" : "string"
              },
              "Access-Control-Allow-Headers" : {
                "type" : "string"
              }
            }
          }
        },
        "x-amazon-apigateway-integration" : {
          "type" : "mock",
          "responses" : {
            "default" : {
              "statusCode" : "200",
              "responseParameters" : {
                "method.response.header.Access-Control-Allow-Methods" : "'DELETE,GET,HEAD,OPTIONS,PATCH,POST,PUT'",
                "method.response.header.Access-Control-Allow-Headers" : "'Content-Type,Authorization,X-Amz-Date,X-Api-Key,X-Amz-Security-Token'",
                "method.response.header.Access-Control-Allow-Origin" : "'*'"
              }
            }
          },
          "requestTemplates" : {
            "application/json" : "{\"statusCode\": 200}"
          },
          "passthroughBehavior" : "when_no_match"
        }
      }
    },
    "/login" : {
      "post" : {
        "produces" : [ "application/json" ],
        "responses" : {
          "200" : {
            "description" : "200 response",
            "schema" : {
              "$ref" : "#/definitions/Empty"
            }
          }
        },
        "security" : [ {
          "api_key" : [ ]
        } ],
        "x-amazon-apigateway-integration" : {
          "type" : "aws_proxy",
          "httpMethod" : "POST",
          "uri" : "arn:aws:apigateway:us-east-1:lambda:path/2015-03-31/functions/arn:aws:lambda:us-east-1:468792469013:function:login-users/invocations",
          "responses" : {
            "default" : {
              "statusCode" : "200"
            }
          },
          "passthroughBehavior" : "when_no_match",
          "contentHandling" : "CONVERT_TO_TEXT"
        }
      },
      "options" : {
        "consumes" : [ "application/json" ],
        "produces" : [ "application/json" ],
        "responses" : {
          "200" : {
            "description" : "200 response",
            "schema" : {
              "$ref" : "#/definitions/Empty"
            },
            "headers" : {
              "Access-Control-Allow-Origin" : {
                "type" : "string"
              },
              "Access-Control-Allow-Methods" : {
                "type" : "string"
              },
              "Access-Control-Allow-Headers" : {
                "type" : "string"
              }
            }
          }
        },
        "x-amazon-apigateway-integration" : {
          "type" : "mock",
          "responses" : {
            "default" : {
              "statusCode" : "200",
              "responseParameters" : {
                "method.response.header.Access-Control-Allow-Methods" : "'DELETE,GET,HEAD,OPTIONS,PATCH,POST,PUT'",
                "method.response.header.Access-Control-Allow-Headers" : "'Content-Type,Authorization,X-Amz-Date,X-Api-Key,X-Amz-Security-Token'",
                "method.response.header.Access-Control-Allow-Origin" : "'*'"
              }
            }
          },
          "requestTemplates" : {
            "application/json" : "{\"statusCode\": 200}"
          },
          "passthroughBehavior" : "when_no_match"
        }
      }
    },
    "/register" : {
      "post" : {
        "produces" : [ "application/json" ],
        "responses" : {
          "200" : {
            "description" : "200 response",
            "schema" : {
              "$ref" : "#/definitions/Empty"
            }
          }
        },
        "security" : [ {
          "api_key" : [ ]
        } ],
        "x-amazon-apigateway-integration" : {
          "type" : "aws_proxy",
          "httpMethod" : "POST",
          "uri" : "arn:aws:apigateway:us-east-1:lambda:path/2015-03-31/functions/arn:aws:lambda:us-east-1:468792469013:function:login-users/invocations",
          "responses" : {
            "default" : {
              "statusCode" : "200"
            }
          },
          "passthroughBehavior" : "when_no_match",
          "contentHandling" : "CONVERT_TO_TEXT"
        }
      },
      "options" : {
        "consumes" : [ "application/json" ],
        "produces" : [ "application/json" ],
        "responses" : {
          "200" : {
            "description" : "200 response",
            "schema" : {
              "$ref" : "#/definitions/Empty"
            },
            "headers" : {
              "Access-Control-Allow-Origin" : {
                "type" : "string"
              },
              "Access-Control-Allow-Methods" : {
                "type" : "string"
              },
              "Access-Control-Allow-Headers" : {
                "type" : "string"
              }
            }
          }
        },
        "x-amazon-apigateway-integration" : {
          "type" : "mock",
          "responses" : {
            "default" : {
              "statusCode" : "200",
              "responseParameters" : {
                "method.response.header.Access-Control-Allow-Methods" : "'DELETE,GET,HEAD,OPTIONS,PATCH,POST,PUT'",
                "method.response.header.Access-Control-Allow-Headers" : "'Content-Type,Authorization,X-Amz-Date,X-Api-Key,X-Amz-Security-Token'",
                "method.response.header.Access-Control-Allow-Origin" : "'*'"
              }
            }
          },
          "requestTemplates" : {
            "application/json" : "{\"statusCode\": 200}"
          },
          "passthroughBehavior" : "when_no_match"
        }
      }
    },
    "/verify" : {
      "post" : {
        "produces" : [ "application/json" ],
        "responses" : {
          "200" : {
            "description" : "200 response",
            "schema" : {
              "$ref" : "#/definitions/Empty"
            }
          }
        },
        "security" : [ {
          "api_key" : [ ]
        } ],
        "x-amazon-apigateway-integration" : {
          "type" : "aws_proxy",
          "httpMethod" : "POST",
          "uri" : "arn:aws:apigateway:us-east-1:lambda:path/2015-03-31/functions/arn:aws:lambda:us-east-1:468792469013:function:login-users/invocations",
          "responses" : {
            "default" : {
              "statusCode" : "200"
            }
          },
          "passthroughBehavior" : "when_no_match",
          "contentHandling" : "CONVERT_TO_TEXT"
        }
      },
      "options" : {
        "consumes" : [ "application/json" ],
        "produces" : [ "application/json" ],
        "responses" : {
          "200" : {
            "description" : "200 response",
            "schema" : {
              "$ref" : "#/definitions/Empty"
            },
            "headers" : {
              "Access-Control-Allow-Origin" : {
                "type" : "string"
              },
              "Access-Control-Allow-Methods" : {
                "type" : "string"
              },
              "Access-Control-Allow-Headers" : {
                "type" : "string"
              }
            }
          }
        },
        "x-amazon-apigateway-integration" : {
          "type" : "mock",
          "responses" : {
            "default" : {
              "statusCode" : "200",
              "responseParameters" : {
                "method.response.header.Access-Control-Allow-Methods" : "'DELETE,GET,HEAD,OPTIONS,PATCH,POST,PUT'",
                "method.response.header.Access-Control-Allow-Headers" : "'Content-Type,Authorization,X-Amz-Date,X-Api-Key,X-Amz-Security-Token'",
                "method.response.header.Access-Control-Allow-Origin" : "'*'"
              }
            }
          },
          "requestTemplates" : {
            "application/json" : "{\"statusCode\": 200}"
          },
          "passthroughBehavior" : "when_no_match"
        }
      }
    }
  },
  "securityDefinitions" : {
    "api_key" : {
      "type" : "apiKey",
      "name" : "x-api-key",
      "in" : "header"
    }
  },
  "definitions" : {
    "Empty" : {
      "type" : "object",
      "title" : "Empty Schema"
    }
  }
}